[
    {
        "id": "0e16be1a-eb0f-4b55-a69c-4fa79af8f406",
        "time_range": [
            "2023-07-01T00:00:00+00:00",
            "2023-11-11T00:00:00+00:00"
        ],
        "bbox": [
            -87.414918,
            37.463251,
            -87.393499,
            37.479898
        ],
        "geometry": {
            "type": "Polygon",
            "coordinates": [
                [
                    [
                        -87.414918,
                        37.463251
                    ],
                    [
                        -87.399025,
                        37.470226
                    ],
                    [
                        -87.393499,
                        37.472569
                    ],
                    [
                        -87.39827,
                        37.479898
                    ],
                    [
                        -87.405993,
                        37.478046
                    ],
                    [
                        -87.407538,
                        37.47761
                    ],
                    [
                        -87.408122,
                        37.477501
                    ],
                    [
                        -87.408636,
                        37.477092
                    ],
                    [
                        -87.409048,
                        37.476602
                    ],
                    [
                        -87.414918,
                        37.463251
                    ]
                ]
            ]
        },
        "assets": [],
        "crop_name": "Barley",
        "crop_type": "annual",
        "properties": {
            "pre_1980": "Lowland Non-Irrigated (Pre 1980s)",
            "crp_type": "None",
            "crp_start": "",
            "crp_end": "",
            "year_1980_2000": "Irrigated: Continuous Hay",
            "year_1980_2000_tillage": "Intensive Tillage"
        },
        "fertilizers": [
            {
                "start_date": "2023-08-20T00:00:00Z",
                "end_date": "2023-08-20T00:00:00Z",
                "application_type": "Ammonium Nitrate (34-0-0)",
                "total_nitrogen": 4.0,
                "enhanced_efficiency_phosphorus": "None"
            }
        ],
        "harvests": [
            {
                "is_grain": true,
                "start_date": "2023-11-11T00:00:00Z",
                "end_date": "2023-11-11T00:00:00Z",
                "crop_yield": 30.0,
                "stray_stover_hay_removal": "0"
            },
            {
                "is_grain": true,
                "start_date": "2023-11-11T00:00:00Z",
                "end_date": "2023-11-11T00:00:00Z",
                "crop_yield": 30.0,
                "stray_stover_hay_removal": "0"
            },
            {
                "is_grain": true,
                "start_date": "2023-11-11T00:00:00Z",
                "end_date": "2023-11-11T00:00:00Z",
                "crop_yield": 30.0,
                "stray_stover_hay_removal": "0"
            }
        ],
        "tillages": [
            {
                "start_date": "2023-08-02T00:00:00Z",
                "end_date": "2023-08-02T00:00:00Z",
                "implement": "Zero Soil Disturbance"
            },
            {
                "start_date": "2023-08-15T00:00:00Z",
                "end_date": "2023-08-15T00:00:00Z",
                "implement": "Zero Soil Disturbance"
            },
            {
                "start_date": "2023-09-20T00:00:00Z",
                "end_date": "2023-09-20T00:00:00Z",
                "implement": "Zero Soil Disturbance"
            }
        ],
        "organic_amendments": [
            {
                "start_date": "2023-08-20T00:00:00Z",
                "end_date": "2023-08-20T00:00:00Z",
                "organic_amendment_type": "Soybean Meal",
                "organic_amendment_amount": "100",
                "organic_amendment_percent_nitrogen": "1",
                "organic_amendment_carbon_nitrogen_ratio": "1.3"
            }
        ]
    },
    {
        "id": "cb2335a0-fe99-4f46-93b9-e97a11a9e748",
        "time_range": [
            "2024-07-01T00:00:00+00:00",
            "2024-11-11T00:00:00+00:00"
        ],
        "bbox": [
            -87.414918,
            37.463251,
            -87.393499,
            37.479898
        ],
        "geometry": {
            "type": "Polygon",
            "coordinates": [
                [
                    [
                        -87.414918,
                        37.463251
                    ],
                    [
                        -87.399025,
                        37.470226
                    ],
                    [
                        -87.393499,
                        37.472569
                    ],
                    [
                        -87.39827,
                        37.479898
                    ],
                    [
                        -87.405993,
                        37.478046
                    ],
                    [
                        -87.407538,
                        37.47761
                    ],
                    [
                        -87.408122,
                        37.477501
                    ],
                    [
                        -87.408636,
                        37.477092
                    ],
                    [
                        -87.409048,
                        37.476602
                    ],
                    [
                        -87.414918,
                        37.463251
                    ]
                ]
            ]
        },
        "assets": [],
        "crop_name": "Barley",
        "crop_type": "annual",
        "properties": {
            "pre_1980": "Lowland Non-Irrigated (Pre 1980s)",
            "crp_type": "None",
            "crp_start": "",
            "crp_end": "",
            "year_1980_2000": "Irrigated: Continuous Hay",
            "year_1980_2000_tillage": "Intensive Tillage"
        },
        "fertilizers": [
            {
                "start_date": "2024-07-02T00:00:00Z",
                "end_date": "2024-07-02T00:00:00Z",
                "application_type": "Ammonium Nitrate (34-0-0)",
                "total_nitrogen": 4.0,
                "enhanced_efficiency_phosphorus": "None"
            }
        ],
        "harvests": [
            {
                "is_grain": true,
                "start_date": "2024-11-11T00:00:00Z",
                "end_date": "2024-11-11T00:00:00Z",
                "crop_yield": 30.0,
                "stray_stover_hay_removal": "0"
            },
            {
                "is_grain": true,
                "start_date": "2024-11-11T00:00:00Z",
                "end_date": "2024-11-11T00:00:00Z",
                "crop_yield": 30.0,
                "stray_stover_hay_removal": "0"
            },
            {
                "is_grain": true,
                "start_date": "2024-11-11T00:00:00Z",
                "end_date": "2024-11-11T00:00:00Z",
                "crop_yield": 30.0,
                "stray_stover_hay_removal": "0"
            }
        ],
        "tillages": [
            {
                "start_date": "2024-10-20T00:00:00Z",
                "end_date": "2024-10-20T00:00:00Z",
                "implement": "Zero Soil Disturbance"
            },
            {
                "start_date": "2024-07-26T00:00:00Z",
                "end_date": "2024-07-26T00:00:00Z",
                "implement": "Zero Soil Disturbance"
            },
            {
                "start_date": "2024-08-06T00:00:00Z",
                "end_date": "2024-08-06T00:00:00Z",
                "implement": "Zero Soil Disturbance"
            }
        ],
        "organic_amendments": [
            {
                "start_date": "2024-11-05T00:00:00Z",
                "end_date": "2024-11-05T00:00:00Z",
                "organic_amendment_type": "Soybean Meal",
                "organic_amendment_amount": "100",
                "organic_amendment_percent_nitrogen": "1",
                "organic_amendment_carbon_nitrogen_ratio": "1.3"
            }
        ]
    },
    {
        "id": "db91c55a-8d6e-4c61-86c5-56f12c354889",
        "time_range": [
            "2025-07-01T00:00:00+00:00",
            "2025-11-11T00:00:00+00:00"
        ],
        "bbox": [
            -87.414918,
            37.463251,
            -87.393499,
            37.479898
        ],
        "geometry": {
            "type": "Polygon",
            "coordinates": [
                [
                    [
                        -87.414918,
                        37.463251
                    ],
                    [
                        -87.399025,
                        37.470226
                    ],
                    [
                        -87.393499,
                        37.472569
                    ],
                    [
                        -87.39827,
                        37.479898
                    ],
                    [
                        -87.405993,
                        37.478046
                    ],
                    [
                        -87.407538,
                        37.47761
                    ],
                    [
                        -87.408122,
                        37.477501
                    ],
                    [
                        -87.408636,
                        37.477092
                    ],
                    [
                        -87.409048,
                        37.476602
                    ],
                    [
                        -87.414918,
                        37.463251
                    ]
                ]
            ]
        },
        "assets": [],
        "crop_name": "Barley",
        "crop_type": "annual",
        "properties": {
            "pre_1980": "Lowland Non-Irrigated (Pre 1980s)",
            "crp_type": "None",
            "crp_start": "",
            "crp_end": "",
            "year_1980_2000": "Irrigated: Continuous Hay",
            "year_1980_2000_tillage": "Intensive Tillage"
        },
        "fertilizers": [
            {
                "start_date": "2025-08-29T00:00:00Z",
                "end_date": "2025-08-29T00:00:00Z",
                "application_type": "Ammonium Nitrate (34-0-0)",
                "total_nitrogen": 4.0,
                "enhanced_efficiency_phosphorus": "None"
            }
        ],
        "harvests": [
            {
                "is_grain": true,
                "start_date": "2025-11-11T00:00:00Z",
                "end_date": "2025-11-11T00:00:00Z",
                "crop_yield": 30.0,
                "stray_stover_hay_removal": "0"
            },
            {
                "is_grain": true,
                "start_date": "2025-11-11T00:00:00Z",
                "end_date": "2025-11-11T00:00:00Z",
                "crop_yield": 30.0,
                "stray_stover_hay_removal": "0"
            },
            {
                "is_grain": true,
                "start_date": "2025-11-11T00:00:00Z",
                "end_date": "2025-11-11T00:00:00Z",
                "crop_yield": 30.0,
                "stray_stover_hay_removal": "0"
            }
        ],
        "tillages": [
            {
                "start_date": "2025-08-08T00:00:00Z",
                "end_date": "2025-08-08T00:00:00Z",
                "implement": "Zero Soil Disturbance"
            },
            {
                "start_date": "2025-07-09T00:00:00Z",
                "end_date": "2025-07-09T00:00:00Z",
                "implement": "Zero Soil Disturbance"
            },
            {
                "start_date": "2025-09-19T00:00:00Z",
                "end_date": "2025-09-19T00:00:00Z",
                "implement": "Zero Soil Disturbance"
            }
        ],
        "organic_amendments": [
            {
                "start_date": "2025-10-03T00:00:00Z",
                "end_date": "2025-10-03T00:00:00Z",
                "organic_amendment_type": "Soybean Meal",
                "organic_amendment_amount": "100",
                "organic_amendment_percent_nitrogen": "1",
                "organic_amendment_carbon_nitrogen_ratio": "1.3"
            }
        ]
    },
    {
        "id": "3b1ca958-a6fa-422e-b833-6970c27914b9",
        "time_range": [
            "2026-07-01T00:00:00+00:00",
            "2026-11-11T00:00:00+00:00"
        ],
        "bbox": [
            -87.414918,
            37.463251,
            -87.393499,
            37.479898
        ],
        "geometry": {
            "type": "Polygon",
            "coordinates": [
                [
                    [
                        -87.414918,
                        37.463251
                    ],
                    [
                        -87.399025,
                        37.470226
                    ],
                    [
                        -87.393499,
                        37.472569
                    ],
                    [
                        -87.39827,
                        37.479898
                    ],
                    [
                        -87.405993,
                        37.478046
                    ],
                    [
                        -87.407538,
                        37.47761
                    ],
                    [
                        -87.408122,
                        37.477501
                    ],
                    [
                        -87.408636,
                        37.477092
                    ],
                    [
                        -87.409048,
                        37.476602
                    ],
                    [
                        -87.414918,
                        37.463251
                    ]
                ]
            ]
        },
        "assets": [],
        "crop_name": "Barley",
        "crop_type": "annual",
        "properties": {
            "pre_1980": "Lowland Non-Irrigated (Pre 1980s)",
            "crp_type": "None",
            "crp_start": "",
            "crp_end": "",
            "year_1980_2000": "Irrigated: Continuous Hay",
            "year_1980_2000_tillage": "Intensive Tillage"
        },
        "fertilizers": [
            {
                "start_date": "2026-09-23T00:00:00Z",
                "end_date": "2026-09-23T00:00:00Z",
                "application_type": "Ammonium Nitrate (34-0-0)",
                "total_nitrogen": 4.0,
                "enhanced_efficiency_phosphorus": "None"
            }
        ],
        "harvests": [
            {
                "is_grain": true,
                "start_date": "2026-11-11T00:00:00Z",
                "end_date": "2026-11-11T00:00:00Z",
                "crop_yield": 30.0,
                "stray_stover_hay_removal": "0"
            },
            {
                "is_grain": true,
                "start_date": "2026-11-11T00:00:00Z",
                "end_date": "2026-11-11T00:00:00Z",
                "crop_yield": 30.0,
                "stray_stover_hay_removal": "0"
            },
            {
                "is_grain": true,
                "start_date": "2026-11-11T00:00:00Z",
                "end_date": "2026-11-11T00:00:00Z",
                "crop_yield": 30.0,
                "stray_stover_hay_removal": "0"
            }
        ],
        "tillages": [
            {
                "start_date": "2026-07-05T00:00:00Z",
                "end_date": "2026-07-05T00:00:00Z",
                "implement": "Zero Soil Disturbance"
            },
            {
                "start_date": "2026-09-02T00:00:00Z",
                "end_date": "2026-09-02T00:00:00Z",
                "implement": "Zero Soil Disturbance"
            },
            {
                "start_date": "2026-09-12T00:00:00Z",
                "end_date": "2026-09-12T00:00:00Z",
                "implement": "Zero Soil Disturbance"
            }
        ],
        "organic_amendments": [
            {
                "start_date": "2026-07-03T00:00:00Z",
                "end_date": "2026-07-03T00:00:00Z",
                "organic_amendment_type": "Soybean Meal",
                "organic_amendment_amount": "100",
                "organic_amendment_percent_nitrogen": "1",
                "organic_amendment_carbon_nitrogen_ratio": "1.3"
            }
        ]
    },
    {
        "id": "f9ce25f8-a064-4d6f-a46d-a13033264af3",
        "time_range": [
            "2027-07-01T00:00:00+00:00",
            "2027-11-11T00:00:00+00:00"
        ],
        "bbox": [
            -87.414918,
            37.463251,
            -87.393499,
            37.479898
        ],
        "geometry": {
            "type": "Polygon",
            "coordinates": [
                [
                    [
                        -87.414918,
                        37.463251
                    ],
                    [
                        -87.399025,
                        37.470226
                    ],
                    [
                        -87.393499,
                        37.472569
                    ],
                    [
                        -87.39827,
                        37.479898
                    ],
                    [
                        -87.405993,
                        37.478046
                    ],
                    [
                        -87.407538,
                        37.47761
                    ],
                    [
                        -87.408122,
                        37.477501
                    ],
                    [
                        -87.408636,
                        37.477092
                    ],
                    [
                        -87.409048,
                        37.476602
                    ],
                    [
                        -87.414918,
                        37.463251
                    ]
                ]
            ]
        },
        "assets": [],
        "crop_name": "Barley",
        "crop_type": "annual",
        "properties": {
            "pre_1980": "Lowland Non-Irrigated (Pre 1980s)",
            "crp_type": "None",
            "crp_start": "",
            "crp_end": "",
            "year_1980_2000": "Irrigated: Continuous Hay",
            "year_1980_2000_tillage": "Intensive Tillage"
        },
        "fertilizers": [
            {
                "start_date": "2027-10-17T00:00:00Z",
                "end_date": "2027-10-17T00:00:00Z",
                "application_type": "Ammonium Nitrate (34-0-0)",
                "total_nitrogen": 4.0,
                "enhanced_efficiency_phosphorus": "None"
            }
        ],
        "harvests": [
            {
                "is_grain": true,
                "start_date": "2027-11-11T00:00:00Z",
                "end_date": "2027-11-11T00:00:00Z",
                "crop_yield": 30.0,
                "stray_stover_hay_removal": "0"
            },
            {
                "is_grain": true,
                "start_date": "2027-11-11T00:00:00Z",
                "end_date": "2027-11-11T00:00:00Z",
                "crop_yield": 30.0,
                "stray_stover_hay_removal": "0"
            },
            {
                "is_grain": true,
                "start_date": "2027-11-11T00:00:00Z",
                "end_date": "2027-11-11T00:00:00Z",
                "crop_yield": 30.0,
                "stray_stover_hay_removal": "0"
            }
        ],
        "tillages": [
            {
                "start_date": "2027-07-04T00:00:00Z",
                "end_date": "2027-07-04T00:00:00Z",
                "implement": "Zero Soil Disturbance"
            },
            {
                "start_date": "2027-11-01T00:00:00Z",
                "end_date": "2027-11-01T00:00:00Z",
                "implement": "Zero Soil Disturbance"
            },
            {
                "start_date": "2027-08-31T00:00:00Z",
                "end_date": "2027-08-31T00:00:00Z",
                "implement": "Zero Soil Disturbance"
            }
        ],
        "organic_amendments": [
            {
                "start_date": "2027-09-18T00:00:00Z",
                "end_date": "2027-09-18T00:00:00Z",
                "organic_amendment_type": "Soybean Meal",
                "organic_amendment_amount": "100",
                "organic_amendment_percent_nitrogen": "1",
                "organic_amendment_carbon_nitrogen_ratio": "1.3"
            }
        ]
    },
    {
        "id": "a991343e-08d6-4d71-9b2d-d35631861553",
        "time_range": [
            "2028-07-01T00:00:00+00:00",
            "2028-11-11T00:00:00+00:00"
        ],
        "bbox": [
            -87.414918,
            37.463251,
            -87.393499,
            37.479898
        ],
        "geometry": {
            "type": "Polygon",
            "coordinates": [
                [
                    [
                        -87.414918,
                        37.463251
                    ],
                    [
                        -87.399025,
                        37.470226
                    ],
                    [
                        -87.393499,
                        37.472569
                    ],
                    [
                        -87.39827,
                        37.479898
                    ],
                    [
                        -87.405993,
                        37.478046
                    ],
                    [
                        -87.407538,
                        37.47761
                    ],
                    [
                        -87.408122,
                        37.477501
                    ],
                    [
                        -87.408636,
                        37.477092
                    ],
                    [
                        -87.409048,
                        37.476602
                    ],
                    [
                        -87.414918,
                        37.463251
                    ]
                ]
            ]
        },
        "assets": [],
        "crop_name": "Barley",
        "crop_type": "annual",
        "properties": {
            "pre_1980": "Lowland Non-Irrigated (Pre 1980s)",
            "crp_type": "None",
            "crp_start": "",
            "crp_end": "",
            "year_1980_2000": "Irrigated: Continuous Hay",
            "year_1980_2000_tillage": "Intensive Tillage"
        },
        "fertilizers": [
            {
                "start_date": "2028-07-02T00:00:00Z",
                "end_date": "2028-07-02T00:00:00Z",
                "application_type": "Ammonium Nitrate (34-0-0)",
                "total_nitrogen": 4.0,
                "enhanced_efficiency_phosphorus": "None"
            }
        ],
        "harvests": [
            {
                "is_grain": true,
                "start_date": "2028-11-11T00:00:00Z",
                "end_date": "2028-11-11T00:00:00Z",
                "crop_yield": 30.0,
                "stray_stover_hay_removal": "0"
            },
            {
                "is_grain": true,
                "start_date": "2028-11-11T00:00:00Z",
                "end_date": "2028-11-11T00:00:00Z",
                "crop_yield": 30.0,
                "stray_stover_hay_removal": "0"
            },
            {
                "is_grain": true,
                "start_date": "2028-11-11T00:00:00Z",
                "end_date": "2028-11-11T00:00:00Z",
                "crop_yield": 30.0,
                "stray_stover_hay_removal": "0"
            }
        ],
        "tillages": [
            {
                "start_date": "2028-11-06T00:00:00Z",
                "end_date": "2028-11-06T00:00:00Z",
                "implement": "Zero Soil Disturbance"
            },
            {
                "start_date": "2028-08-23T00:00:00Z",
                "end_date": "2028-08-23T00:00:00Z",
                "implement": "Zero Soil Disturbance"
            },
            {
                "start_date": "2028-10-30T00:00:00Z",
                "end_date": "2028-10-30T00:00:00Z",
                "implement": "Zero Soil Disturbance"
            }
        ],
        "organic_amendments": [
            {
                "start_date": "2028-10-10T00:00:00Z",
                "end_date": "2028-10-10T00:00:00Z",
                "organic_amendment_type": "Soybean Meal",
                "organic_amendment_amount": "100",
                "organic_amendment_percent_nitrogen": "1",
                "organic_amendment_carbon_nitrogen_ratio": "1.3"
            }
        ]
    },
    {
        "id": "fb34f92b-1a20-44f9-80b9-c50f46bbef52",
        "time_range": [
            "2029-07-01T00:00:00+00:00",
            "2029-11-11T00:00:00+00:00"
        ],
        "bbox": [
            -87.414918,
            37.463251,
            -87.393499,
            37.479898
        ],
        "geometry": {
            "type": "Polygon",
            "coordinates": [
                [
                    [
                        -87.414918,
                        37.463251
                    ],
                    [
                        -87.399025,
                        37.470226
                    ],
                    [
                        -87.393499,
                        37.472569
                    ],
                    [
                        -87.39827,
                        37.479898
                    ],
                    [
                        -87.405993,
                        37.478046
                    ],
                    [
                        -87.407538,
                        37.47761
                    ],
                    [
                        -87.408122,
                        37.477501
                    ],
                    [
                        -87.408636,
                        37.477092
                    ],
                    [
                        -87.409048,
                        37.476602
                    ],
                    [
                        -87.414918,
                        37.463251
                    ]
                ]
            ]
        },
        "assets": [],
        "crop_name": "Barley",
        "crop_type": "annual",
        "properties": {
            "pre_1980": "Lowland Non-Irrigated (Pre 1980s)",
            "crp_type": "None",
            "crp_start": "",
            "crp_end": "",
            "year_1980_2000": "Irrigated: Continuous Hay",
            "year_1980_2000_tillage": "Intensive Tillage"
        },
        "fertilizers": [
            {
                "start_date": "2029-08-01T00:00:00Z",
                "end_date": "2029-08-01T00:00:00Z",
                "application_type": "Ammonium Nitrate (34-0-0)",
                "total_nitrogen": 4.0,
                "enhanced_efficiency_phosphorus": "None"
            }
        ],
        "harvests": [
            {
                "is_grain": true,
                "start_date": "2029-11-11T00:00:00Z",
                "end_date": "2029-11-11T00:00:00Z",
                "crop_yield": 30.0,
                "stray_stover_hay_removal": "0"
            },
            {
                "is_grain": true,
                "start_date": "2029-11-11T00:00:00Z",
                "end_date": "2029-11-11T00:00:00Z",
                "crop_yield": 30.0,
                "stray_stover_hay_removal": "0"
            },
            {
                "is_grain": true,
                "start_date": "2029-11-11T00:00:00Z",
                "end_date": "2029-11-11T00:00:00Z",
                "crop_yield": 30.0,
                "stray_stover_hay_removal": "0"
            }
        ],
        "tillages": [
            {
                "start_date": "2029-07-31T00:00:00Z",
                "end_date": "2029-07-31T00:00:00Z",
                "implement": "Zero Soil Disturbance"
            },
            {
                "start_date": "2029-09-23T00:00:00Z",
                "end_date": "2029-09-23T00:00:00Z",
                "implement": "Zero Soil Disturbance"
            },
            {
                "start_date": "2029-08-17T00:00:00Z",
                "end_date": "2029-08-17T00:00:00Z",
                "implement": "Zero Soil Disturbance"
            }
        ],
        "organic_amendments": [
            {
                "start_date": "2029-07-13T00:00:00Z",
                "end_date": "2029-07-13T00:00:00Z",
                "organic_amendment_type": "Soybean Meal",
                "organic_amendment_amount": "100",
                "organic_amendment_percent_nitrogen": "1",
                "organic_amendment_carbon_nitrogen_ratio": "1.3"
            }
        ]
    }
]